logFC,AveExpr,t,P.Value,adj.P.Val,B
X339_.hsa.mir.29b.2,-3.0694908412494,7.83031205992067,-23.2701009459669,1.99407569770948e-77,9.39209653621164e-75,165.816687767367
X388_.hsa.mir.3136,-2.33102271387379,1.53596296258413,-22.8372624315849,1.62495225103678e-75,3.82676255119161e-73,161.429853372642
X596_.hsa.mir.375,-3.38783990173136,2.9322633535,-21.7238502225084,1.39436000900036e-70,2.18914521413057e-68,150.1051505175
X338_.hsa.mir.29b.1,-3.36328519433661,7.47633313217788,-21.5328932167177,9.82821969541341e-70,1.15727286913493e-67,148.158396502403
X1317_.hsa.mir.5586,-3.29782313855795,1.72437531663221,-19.835235855678,3.49315049537913e-62,3.29054776664714e-60,130.827040882496
X1677_.hsa.mir.6854,-2.2816112111191,1.97156559355048,-19.6147574828068,3.34024436023893e-61,2.62209182278756e-59,128.576513398932
X192_.hsa.mir.145,-3.86507246326262,6.89477882950962,-19.1224474339307,5.14823133988983e-59,3.46402423012587e-57,123.555222452373
X951_.hsa.mir.4668,-2.96324301532468,1.95505935356971,-18.644457088483,6.80151511664147e-57,4.00439202492267e-55,118.687862466035
X235_.hsa.mir.188,-2.47906517358593,1.79865155147115,-18.4263983132592,6.290896096259e-56,3.29223562370888e-54,116.470865293243
X1396_.hsa.mir.598,-3.44929883880545,3.1869274455649,-18.3003111026888,2.27426101790167e-55,1.07117693943169e-53,115.190125683746
X1122_.hsa.mir.500b,-2.79949614828048,3.20802878072596,-18.1194729813219,1.43422242244251e-54,6.14107964518565e-53,113.354924945891
X492_.hsa.mir.339,-2.7386603377094,6.4416893722476,-17.8019889944586,3.618009154642e-53,1.42006859319698e-51,110.138328224224
X120_.hsa.mir.1277,-2.24296153658092,1.97063631736298,-17.4199386409171,1.74190795888659e-51,5.96262534540011e-50,106.277938522983
X210_.hsa.mir.1537,-2.38578073155431,1.91710951195433,-17.4182285192151,1.77233025128666e-51,5.96262534540011e-50,106.260686955261
X1356_.hsa.mir.570,-1.61864528485238,1.01150522258173,-17.1894495620066,1.79244574952112e-50,5.6282796534963e-49,103.955246286936
X496_.hsa.mir.342,-2.69424797615992,8.9811881530649,-17.082204523363,5.29380656934637e-50,1.55836430885134e-48,102.876280894488
X117_.hsa.mir.1273h,-1.96772613368371,1.53475465889663,-16.1410890582373,6.71515053241303e-46,1.86049170633326e-44,93.4643331023251
X309_.hsa.mir.223,-2.12248212708038,14.3473491662019,-16.0668949491051,1.40756629716021e-45,3.68313181090255e-44,92.7272076759538
X201_.hsa.mir.148a,-3.29878553218837,12.4955398896034,-15.8370194830917,1.38712110493958e-44,3.43860021277128e-43,90.4485138478598
X519_.hsa.mir.362,-2.28307312999827,3.57275597902163,-15.1522699077522,1.20335432748556e-41,2.83389944122849e-40,83.7114458927745
X1835_.hsa.mir.874,-2.82489562015655,5.62818780861058,-15.0204783458335,4.38366771384788e-41,9.83194044391596e-40,82.4243552083016
X357_.hsa.mir.30d,1.26105253771006,13.9840039603125,15.000436788029,5.33448643851829e-41,1.14206505115551e-39,82.2289179349817
X1512_.hsa.mir.654,-3.60874164706643,2.08440624579567,-14.7844418838868,4.40326695124058e-40,9.01712493058398e-39,80.1276454013137
X543_.hsa.mir.3662,-1.47670679183288,1.12086857662981,-14.5572912819787,4.01246981490562e-39,7.87447201175228e-38,77.9281492295054
X314_.hsa.mir.2355,-2.42175748504419,7.05641192098798,-14.4656434930194,9.7558142214598e-39,1.83799539932303e-37,77.0438459382399
X869_.hsa.mir.450a.2,-2.93356162724941,2.28436615848798,-14.4126467002362,1.6294053582562e-38,2.95173047591796e-37,76.5333265019006
X1130_.hsa.mir.505,-1.96182759425861,6.70850744177404,-14.3911201874812,2.00649033527459e-38,3.50021091820124e-37,76.3261397667398
X251_.hsa.mir.193b,-1.966250610002,2.05765162392788,-14.3400802543637,3.28563354366401e-38,5.52690499666339e-37,75.8353111037459
X868_.hsa.mir.450a.1,-2.92853477589247,2.30805110439423,-14.2733233177199,6.257118705879e-38,1.01624238292035e-36,75.1942328589887
X1518_.hsa.mir.660,-3.02359087850692,6.13006391926683,-14.2551930150889,7.45206933195831e-38,1.16997488511746e-36,75.0203012437667
X233_.hsa.mir.186,-1.13463453494213,9.2301059682476,-14.1414728001546,2.22649280176456e-37,3.38283261171324e-36,73.9310836163502
X1315_.hsa.mir.5584,1.94833271862931,2.02848015338942,14.0393760532061,5.93288421091011e-37,8.73246394793332e-36,72.9558104671998
X666_.hsa.mir.409,-3.13159567053946,1.76336904897115,-13.8564317007455,3.41389890194163e-36,4.8725647964076e-35,71.2146170970332
X1126_.hsa.mir.502,-1.99184933910707,3.42133498984856,-13.7328768394857,1.10786989630794e-35,1.53472565047364e-34,70.0434361128307
X342_.hsa.mir.301a,-2.29121572832057,4.5844702706875,-13.5347900364109,7.25400215262458e-35,9.76181432538908e-34,68.1740758806816
X1461_.hsa.mir.627,-1.49283204749572,2.34724258750481,-13.4096842791192,2.36415319402783e-34,3.09310042885307e-33,66.9988849040452
X11_.hsa.let.7i,-1.18307882370021,10.2345583805144,-13.390728523139,2.82656340154972e-34,3.59813881656735e-33,66.8211987201882
X512_.hsa.mir.3613,-2.02296727709304,5.39362093085337,-13.1940513946395,1.79341308885641e-33,2.22288832855624e-32,64.9835793285364
X1049_.hsa.mir.4766,-1.15477866296437,0.900508032526442,-13.1647628511456,2.3592291139289e-33,2.84922285297567e-32,64.7108753061204
X27_.hsa.mir.10b,-4.16184032235985,8.29170249309856,-13.0395247043365,7.59957499015838e-33,8.94849955091149e-32,63.547628539228
X353_.hsa.mir.30a,-3.0815457143162,8.72895009133173,-12.9923371507869,1.17946913537679e-32,1.35495112868894e-31,63.110546750958
X1462_.hsa.mir.628,-1.80576459509167,4.60529575948077,-12.8823975165768,3.27591587337356e-32,3.67370565799749e-31,62.0948294320321
X1056_.hsa.mir.4772,-2.61316698363632,5.50494036694471,-12.7819899587059,8.30095316001215e-32,9.09243939154819e-31,61.1704281899964
X182_.hsa.mir.136,-2.40490898449881,1.35766790415865,-12.6829296220132,2.07101524899969e-31,2.21692768699739e-30,60.2615314963377
X355_.hsa.mir.30c.1,-1.36299251176197,9.42210698318269,-12.6479388806105,2.85834945366669e-31,2.9917390948378e-30,59.9412321870117
X1452_.hsa.mir.618,-2.60431928907919,2.07752674050721,-12.6082817812616,4.11628543365933e-31,4.21471834620336e-30,59.578694500412
X356_.hsa.mir.30c.2,-1.36564530860753,9.41002029446875,-12.5028451307539,1.08282171935015e-30,1.08512559534876e-29,58.6173036004819
X992_.hsa.mir.4709,-0.980269039592582,0.757319467252404,-12.441768235547,1.89307480375882e-30,1.85757965118834e-29,58.0620702875513
X1726_.hsa.mir.708,-2.89860311845681,2.93587053794471,-12.366321449939,3.76811575300061e-30,3.62200514216997e-29,57.3779280868654
X674_.hsa.mir.425,-1.90462476004055,11.398257226262,-12.3146681412514,6.03011858142377e-30,5.68037170370119e-29,56.9106535434824
X223_.hsa.mir.181b.1,2.06173047326072,10.6125001709351,12.2080537005467,1.58697987380001e-29,1.46562258933295e-28,55.9490773994839
X1475_.hsa.mir.641,-1.06146343287234,0.814644275819712,-12.1715175123554,2.20902266754919e-29,2.00086476233782e-28,55.620458848046
X870_.hsa.mir.450b,-3.26378812346966,3.80729681833654,-11.8896821133303,2.78820176536895e-28,2.47781704054486e-27,53.1015175312575
X1257_.hsa.mir.548d.2,-0.893592618118826,0.822729009201923,-11.8345541704534,4.56317521996012e-28,3.98010283074299e-27,52.6121849594238
X1256_.hsa.mir.548d.1,-0.867088897290869,0.826200586591346,-11.8110264266428,5.62895985762337e-28,4.82043653261928e-27,52.4036892934153
X1127_.hsa.mir.503,-2.73640217366539,2.73659602102885,-11.7557040758635,9.21368039211598e-28,7.74936332979755e-27,51.9142561970638
X236_.hsa.mir.18a,-1.46377142633187,6.30833312689904,-11.7296296595371,1.16178893728149e-27,9.60004542911549e-27,51.6839772979924
X413_.hsa.mir.3157,-1.56785606239402,2.03955357136538,-11.7071571719143,1.41848047747696e-27,1.15190397395112e-26,51.4857158694184
X497_.hsa.mir.345,-1.89404315737807,5.70901893444952,-11.6970238904436,1.55199235304508e-27,1.23896338692243e-26,51.3963787337304
X177_.hsa.mir.134,-3.54536598922535,3.8249077221899,-11.6432267894154,2.50040509498798e-27,1.96281799956556e-26,50.9227490427729
X222_.hsa.mir.181a.2,1.88464578062239,13.8999262540625,11.567465228801,4.88528884147599e-27,3.77208367923802e-26,50.2576335367041
X300_.hsa.mir.217,-2.50534317250766,1.7108753795649,-11.5582984563322,5.29688974888267e-27,4.02392753503828e-26,50.1773088731733
X673_.hsa.mir.424,-3.37788346260853,6.34047230944712,-11.4849449212727,1.01073203442833e-26,7.55642520977369e-26,49.5357264102628
X186_.hsa.mir.139,-2.92195521486104,4.09890410372356,-11.475449581863,1.09873938628643e-26,8.08603517095168e-26,49.4528306865358
X1372_.hsa.mir.574,-2.37178320958921,5.31272884653846,-11.3922755366688,2.27955130520961e-26,1.65179794577497e-25,48.7282386304929
X1878_.hsa.mir.96,-1.85387568523847,1.52178034030529,-11.3369100882718,3.69980657642863e-26,2.64031651136043e-25,48.2474429385321
X491_.hsa.mir.338,-3.03565339183989,9.8001950483149,-11.2579452157233,7.36625328697579e-26,5.17836611666507e-25,47.5638563470602
X289_.hsa.mir.2110,-1.34393309289156,3.12471711553846,-11.1358041352362,2.12662245752597e-25,1.47299879043343e-24,46.5115417648829
X481_.hsa.mir.324,-1.46202504488509,6.60870468290625,-11.1146116391033,2.55453899866299e-25,1.74375053386995e-24,46.3295873099469
X343_.hsa.mir.301b,-1.55572525565454,1.99416373854087,-11.1051720091009,2.77173882230081e-25,1.86498426471955e-24,46.2486011137299
X221_.hsa.mir.181a.1,2.0646698124856,13.9106378802091,11.0632389521761,3.98099167848921e-25,2.64091138108228e-24,45.8892941627321
X1389_.hsa.mir.590,-1.94988638572234,5.49981658989663,-11.0210722222127,5.72515808996425e-25,3.74520758385161e-24,45.5287339971774
X224_.hsa.mir.181b.2,1.88979463076208,10.5037209870793,10.9432374986725,1.11741147349681e-24,7.20960005502737e-24,44.8651728418951
X285_.hsa.mir.20b,-3.19155663527921,6.29385323812019,-10.8551520576986,2.37436434679969e-24,1.51125082073332e-23,44.117368809998
X307_.hsa.mir.221,1.3954240309034,10.4029654069663,10.7408802184757,6.2811916130142e-24,3.94458833297292e-23,43.1523063064002
X1121_.hsa.mir.500a,-1.99719318030298,8.51188790828125,-10.7198954367426,7.50518824912462e-24,4.65124166491802e-23,42.9757102536485
X736_.hsa.mir.431,-2.25234654943239,1.43575960792067,-10.6931117515648,9.41729472091904e-24,5.76044910851022e-23,42.7505989571467
X1660_.hsa.mir.6837,-1.23269168774658,2.41358969693029,-10.6180171417664,1.77642121885081e-23,1.07268512061376e-22,42.1211595008002
X923_.hsa.mir.4645,-1.01375343743731,1.2498337794351,-10.5137334451149,4.27065900603523e-23,2.54617771119316e-22,41.2512957157633
X1123_.hsa.mir.501,-2.01817595273118,5.77413282294231,-10.4922798870833,5.11213354118725e-23,3.00976862237399e-22,41.0729618686301
X395_.hsa.mir.3143,-1.03693842416357,1.0455902136226,-10.4832881240785,5.51203824468484e-23,3.20514816450192e-22,40.9982804107153
X292_.hsa.mir.2115,-2.03150003372772,2.78170553626923,-10.3889124103611,1.21246144094454e-22,6.96426022786439e-22,40.21669979028
X124_.hsa.mir.128.2,1.52305851357809,7.39536564513942,10.2811663068504,2.96726164710247e-22,1.68383160937984e-21,39.3294905395334
X1778_.hsa.mir.7850,-1.31733311872727,1.41347794604087,-10.2308962455641,4.49677354660536e-22,2.52140516720372e-21,38.9174368395868
X539_.hsa.mir.365a,-2.06576544454001,3.91189966464904,-10.2024459133893,5.68659908226969e-22,3.15104490323414e-21,38.6847708108097
X189_.hsa.mir.142,-2.02963026369574,14.2773313487812,-10.1745532677159,7.15558252684838e-22,3.91892950016929e-21,38.457043350511
X540_.hsa.mir.365b,-2.06023338887643,3.91999923540865,-10.1724491887068,7.28058623349894e-22,3.9415587539977e-21,38.43987996806
X1381_.hsa.mir.582,-2.91558639362283,9.53834019027163,-10.1692275987228,7.47619565318646e-22,4.00146380983048e-21,38.4136049737731
X1675_.hsa.mir.6852,-1.13942915428003,1.30063729795433,-10.154581464911,8.43335929714437e-22,4.46304744826404e-21,38.2942156925674
X524_.hsa.mir.363,-2.31329776908729,5.19448720033654,-10.1298900792244,1.0330107155022e-21,5.4060894111282e-21,38.0931768741165
X108_.hsa.mir.1270,-1.77431232966266,2.04636190820673,-10.036452905319,2.22005936282941e-21,1.14906369218973e-20,37.3350956480073
X269_.hsa.mir.19b.2,-1.90548322689894,8.6509730394351,-9.92731028280495,5.39703985481317e-21,2.76304975175761e-20,36.4550387639326
X267_.hsa.mir.19a,-2.24018315922034,7.35771473739423,-9.92585378702545,5.46118542119904e-21,2.76582616492984e-20,36.4433345714061
X264_.hsa.mir.199a.1,-1.50015844650802,7.59113138998798,-9.92374433826874,5.55543154732587e-21,2.78362580722392e-20,36.4263852225695
X268_.hsa.mir.19b.1,-1.76256422866028,8.82567356074519,-9.82975682003774,1.18806311446545e-20,5.89029186224449e-20,35.6734672134422
X219_.hsa.mir.16.2,-1.01666901438728,10.1419405020721,-9.73684298893036,2.50795117652863e-20,1.23046354598436e-19,34.9335502207188
X507_.hsa.mir.3609,-1.43997139134281,1.51339109274038,-9.71921847762913,2.88839553955155e-20,1.4025095867307e-19,34.79369611558
X216_.hsa.mir.15a,-1.39116852148896,9.95212491985577,-9.70883445773645,3.1388010031542e-20,1.50854619641391e-19,34.7113715865228
X218_.hsa.mir.16.1,-1.01469012295234,10.1119412929591,-9.70238694342303,3.30499703135509e-20,1.57237737552348e-19,34.6602836328564
X1107_.hsa.mir.497,-1.24493633949244,1.01272972962981,-9.70022944791216,3.36253694695466e-20,1.58375490201565e-19,34.6431931437569
X327_.hsa.mir.26b,-1.14939042982259,10.6123879118678,-9.69251510429899,3.57652601305542e-20,1.66786510113773e-19,34.5821040164192
X1378_.hsa.mir.579,-0.953481543020684,1.6156297496274,-9.62044511265047,6.35550396247887e-20,2.92006647184261e-19,34.0128777812002
X1753_.hsa.mir.758,-2.17833076161281,1.59814420654567,-9.61984940584735,6.38570799574923e-20,2.92006647184261e-19,34.008183994409
X25_.hsa.mir.107,0.830261985166486,7.1941077949976,9.50120861437164,1.63574265032133e-19,7.40802681058986e-19,33.0770789429035
X499_.hsa.mir.34a,1.96995202849709,5.8420944377524,9.45455169816053,2.36319325509439e-19,1.06006097442806e-18,32.7129473334665
X337_.hsa.mir.29a,-1.37702973091662,12.2451529074784,-9.42582072490613,2.96242929313135e-19,1.31632471421214e-18,32.4892947898324
X23_.hsa.mir.106a,-1.73360762465035,5.61349421984856,-9.34580443688449,5.54628823310582e-19,2.44140351195593e-18,31.8687520165293
X594_.hsa.mir.374b,-1.28668895849308,7.4328112359399,-9.32899897986582,6.3243713089509e-19,2.75812859862581e-18,31.7388610297581
X287_.hsa.mir.210,-2.29845468722334,6.13707249305048,-9.30546329474988,7.59899559609845e-19,3.28360268418566e-18,31.5572088539502
X513_.hsa.mir.3614,-1.44012863173866,3.12871470975962,-9.28777302408332,8.72180897926228e-19,3.73452002657503e-18,31.4208707257296
X1857_.hsa.mir.92a.2,0.897189892132316,15.0183131278365,9.14984990676706,2.53942833524529e-18,1.070753722636e-17,30.3637818808994
X1842_.hsa.mir.889,-2.04533147589183,1.5647951251274,-9.14950629107667,2.54616596465461e-18,1.070753722636e-17,30.361161395931
X1274_.hsa.mir.548j,-0.945923224815745,1.69803370313462,-9.1277345570248,3.01121732161229e-18,1.25511801635344e-17,30.1952592851955
X430_.hsa.mir.3173,-1.08466701288864,2.04010963096154,-9.03322457325529,6.21872585792666e-18,2.56931568340654e-17,29.4781530134144
X1789_.hsa.mir.7976,-0.681801747584107,0.830273199240385,-9.01234383720624,7.29458153801125e-18,2.98760687339417e-17,29.3203940147299
X1856_.hsa.mir.92a.1,0.868485699211755,15.1801862801202,8.96641968908993,1.03525024287376e-17,4.20347296890982e-17,28.9742928586918
X227_.hsa.mir.182,-2.52136962972599,10.6096930808582,-8.94634445484978,1.20600910641565e-17,4.85495973608353e-17,28.823374296922
X403_.hsa.mir.3150b,-1.75969446697795,3.17843797498077,-8.90736396484604,1.62113231026119e-17,6.47079083163576e-17,28.5309883489743
X254_.hsa.mir.195,-1.37159942630499,1.58687966415144,-8.79650852274362,3.74232792107903e-17,1.48120710153632e-16,27.7042453729392
X271_.hsa.mir.200b,-1.2087352046222,2.76848794277885,-8.76286689220854,4.81730703713361e-17,1.89079301207494e-16,27.4547562391426
X241_.hsa.mir.190b,-1.26975941877483,1.62927049250721,-8.71113031474317,7.09422903728485e-17,2.76147262525716e-16,27.0723604824354
X168_.hsa.mir.130b,-1.12265636940613,7.03034074351683,-8.59067909493058,1.73654456909605e-16,6.70420075446097e-16,26.1881743500208
X265_.hsa.mir.199a.2,-1.31253804289439,8.56128818458413,-8.57285677285894,1.9810778762665e-16,7.58607869692293e-16,26.0580771664035
X256_.hsa.mir.196a.2,-1.413745873039,1.2870900440625,-8.54894617308392,2.36339563394215e-16,8.97709148053832e-16,25.883834894499
X358_.hsa.mir.30e,-0.80191766098779,15.1053322096154,-8.50757748119658,3.20466795514403e-16,1.20751888549827e-15,25.5831787655339
X493_.hsa.mir.33a,-1.38044606379716,4.62439491811058,-8.49939458515164,3.40322282909269e-16,1.27215710516084e-15,25.5238293468261
X990_.hsa.mir.4707,-0.94325789730636,0.931524021961538,-8.48699987157083,3.72737361881373e-16,1.38235667280415e-15,25.4340088665486
X907_.hsa.mir.454,-1.28082904286605,4.65847024914423,-8.4696838397808,4.23192757308731e-16,1.55721709915947e-15,25.3086800719174
X207_.hsa.mir.152,-1.37366583047968,4.80092456474038,-8.39429311464484,7.33991236094985e-16,2.6799214899282e-15,24.7651351439471
X1528_.hsa.mir.671,-0.830026033074081,4.16339035964183,-8.38455454008222,7.87910060176581e-16,2.85465875648592e-15,24.6951745280694
X226_.hsa.mir.181d,1.56154911619483,6.2292545866875,8.2291106293231,2.42400644355989e-15,8.71532087722677e-15,23.5863534875864
X604_.hsa.mir.378c,1.12970945611573,4.49295492317788,8.19736894935401,3.04381047488464e-15,1.08608691944747e-14,23.3617663972542
X613_.hsa.mir.379,-2.63566604460635,4.74854141205288,-8.13217125986888,4.8494327731511e-15,1.71735551590539e-14,22.9024328277282
X193_.hsa.mir.1468,1.23546962510871,4.03004468559856,8.04901342308273,8.75072947832635e-15,3.07581610768038e-14,22.3204380330911
X150_.hsa.mir.1301,-1.15288961337853,4.64935916492308,-8.01170384673092,1.13882724218661e-14,3.97324171162885e-14,22.0607410842254
X123_.hsa.mir.128.1,1.16702785339621,8.15856160745673,7.98907854749078,1.33554365610676e-14,4.62530192666387e-14,21.9036864206215
X10_.hsa.let.7g,-0.697295522245408,10.8789628185793,-7.96559122654944,1.5752468771147e-14,5.41562977460602e-14,21.7409932515506
X1212_.hsa.mir.532,-1.32505653540514,9.93623717611538,-7.94196116512758,1.85919162599462e-14,6.34550185393817e-14,21.5776671912985
X1038_.hsa.mir.4755,-0.605960668876618,0.877614540336538,-7.90567106312068,2.39643733129946e-14,8.12030203627373e-14,21.3275347186527
X1701_.hsa.mir.6874,-0.586010226184254,0.759513051581731,-7.80960808695227,4.67358374702961e-14,1.57232710346496e-13,20.6695125789894
X312_.hsa.mir.2277,-0.898762009408785,1.73250238377885,-7.77715570632772,5.84890582373979e-14,1.95378343473861e-13,20.4485698662054
X1470_.hsa.mir.636,-0.649526962967833,0.741784813175481,-7.75434665502364,6.84502715553745e-14,2.27042802130855e-13,20.2936921494247
X910_.hsa.mir.4632,-0.798592313814652,0.856447346677885,-7.70507251511277,9.60355255129045e-14,3.16312814801245e-13,19.9602745304788
X473_.hsa.mir.320b.2,1.11566348839521,2.76167315165144,7.67882242259849,1.14947262364627e-13,3.75973337317634e-13,19.783302516097
X1215_.hsa.mir.542,-2.41435830699726,7.45182101806731,-7.67765898383719,1.15865517511081e-13,3.76363163777372e-13,19.7754693918909
X1133_.hsa.mir.508,-1.25422572521733,1.31820541801683,-7.54212836369205,2.91005612661598e-13,9.38792079202825e-13,18.869117802916
X1436_.hsa.mir.6125,-0.585902405798524,0.691009608002404,-7.52545846387209,3.25638830590265e-13,1.03902386297615e-12,18.7584844820214
X407_.hsa.mir.3154,1.09730359381912,2.71048789274279,7.52507236771696,3.26487328493567e-13,1.03902386297615e-12,18.7559242793918
X380_.hsa.mir.3130.1,1.14758951780955,2.41388262362981,7.5175054997923,3.4356333528151e-13,1.08602906656102e-12,18.7057685767259
X230_.hsa.mir.183,-1.97148867448105,9.02071155448798,-7.50012517890712,3.86188814716584e-13,1.21263287821007e-12,18.5907115850829
X667_.hsa.mir.410,-1.55069606040669,1.45972441836298,-7.46559119643904,4.86931768705372e-13,1.51884015271676e-12,18.3627010361519
X310_.hsa.mir.224,-2.13580207000738,1.98202893401202,-7.36079137257643,9.7921437683154e-13,3.03427612820826e-12,17.6756983217861
X474_.hsa.mir.320c.1,0.926542676256789,1.59968489489904,7.35348699922244,1.02779688444811e-12,3.16400217369321e-12,17.6280936902359
X938_.hsa.mir.4659a,-0.719270429322307,0.837998105555288,-7.33094443516211,1.1931936796725e-12,3.64931313718017e-12,17.4814072794205
X190_.hsa.mir.143,-1.74986931464279,11.8411690834856,-7.27202570780168,1.75950866952414e-12,5.34663602158627e-12,17.0996619050467
X1838_.hsa.mir.877,-1.06777989908858,2.23142357409135,-7.19906455736616,2.83710124070643e-12,8.56586336136366e-12,16.6302460303741
X1458_.hsa.mir.624,-1.04090429542683,3.75194956353365,-7.12187381791821,4.68477588641513e-12,1.40543276592454e-11,16.1376368377889
X340_.hsa.mir.29c,-1.24241587788025,10.7330170625048,-7.09114138374344,5.71373276152644e-12,1.70327096878415e-11,15.9426683031352
X208_.hsa.mir.153.1,-1.26580761640888,1.4193312612476,-6.96232851534757,1.30407216407633e-11,3.86300622188649e-11,15.1326971651419
X621_.hsa.mir.3909,-0.625787467389192,1.07563699229087,-6.95287273051942,1.38488699192627e-11,4.07676108248295e-11,15.0737017558688
X1533_.hsa.mir.6718,-2.14797310001029,4.17616063398317,-6.9486165105268,1.42285090398432e-11,4.16250171289824e-11,15.0471675842197
X308_.hsa.mir.222,0.849970926690176,8.52569570205288,6.8834278624045,2.14964963196119e-11,6.24990726329458e-11,14.6423799831773
X1723_.hsa.mir.7.1,0.922579930305079,8.29311948384615,6.85076309349518,2.64048552965335e-11,7.62986922985723e-11,14.4406908030314
X237_.hsa.mir.18b,-0.903946541345088,1.73470385392548,-6.84425853980276,2.75062154894875e-11,7.89965091191988e-11,14.4006196613727
X1109_.hsa.mir.4999,-0.720842144104886,1.67586196911298,-6.75355268703439,4.84813510244454e-11,1.38392220197053e-10,13.8450027246619
X646_.hsa.mir.3934,-0.605703831198925,0.762535299483173,-6.74038560487815,5.26135098841749e-11,1.49282910574978e-10,13.764842107568
X672_.hsa.mir.423,-0.67157133796017,9.40801470090144,-6.66967126272798,8.14637833266622e-11,2.29757137406335e-10,13.336490971272
X467_.hsa.mir.3200,-0.777179297315838,0.998049514673077,-6.66352719180784,8.46036034698574e-11,2.37192245442279e-10,13.2994453688523
X1621_.hsa.mir.6798,0.610010873577911,0.820178671490385,6.63888441647084,9.84344108274838e-11,2.74334955619792e-10,13.1511392948053
X352_.hsa.mir.3074,-1.00784567905996,4.387938843125,-6.60486331864763,1.21233541599826e-10,3.35888224079517e-10,12.9471230602903
X477_.hsa.mir.320d.2,0.619949049792692,0.654476744824519,6.59098736582983,1.31953776360652e-10,3.63451629624955e-10,12.8641562648112
X472_.hsa.mir.320b.1,0.926569873392835,2.29169090618029,6.59002239329796,1.3273294009814e-10,3.63472178989674e-10,12.8583917857678
X381_.hsa.mir.3130.2,0.999373372613451,2.41974424622115,6.58598936892485,1.36038523330528e-10,3.70370777391206e-10,12.8343070265702
X791_.hsa.mir.4442,0.634701443221159,0.759413079603365,6.58202706403309,1.39364725936657e-10,3.77245896069917e-10,12.810656250035
X1864_.hsa.mir.937,0.822897353398396,1.23129882545673,6.55407849747722,1.65201390346605e-10,4.44627742018577e-10,12.6441612687995
X1258_.hsa.mir.548e,-0.707306451171404,1.96018934527644,-6.51558664042516,2.08612485539051e-10,5.5827545845962e-10,12.4158017518395
X942_.hsa.mir.4661,1.02090846954666,3.39286023268029,6.50881199966342,2.17333271390895e-10,5.78327518785942e-10,12.3757234736223
X793_.hsa.mir.4444.1,-0.446025104864498,0.721164208959135,-6.46550907949183,2.82145888771131e-10,7.46577042759566e-10,12.1203508718513
X1629_.hsa.mir.6806,0.689989234176143,1.62067179647837,6.44436377629777,3.20338689512388e-10,8.42902361789579e-10,11.9961561063122
X1859_.hsa.mir.93,-0.676561711542737,15.0514935386298,-6.39318372260123,4.34989400273385e-10,1.13822226404869e-09,11.6969360414905
X2_.hsa.let.7a.2,0.66635656833061,14.1730189521635,6.38056249019786,4.68940936627118e-10,1.22028276879211e-09,11.6234481530447
X249_.hsa.mir.192,-0.960267401940133,9.21124224648798,-6.37505464592311,4.84558384190445e-10,1.2539944997456e-09,11.5914158151363
X3_.hsa.let.7a.3,0.664390765172234,14.1778224710577,6.36409576493525,5.17162263718904e-10,1.3310569738339e-09,11.5277492014628
X1_.hsa.let.7a.1,0.662601921180064,14.1772537023317,6.35081707311911,5.59555638626568e-10,1.42550962491148e-09,11.4507262547628
X107_.hsa.mir.127,-2.04832195049982,3.93779987496394,-6.35070921546804,5.59913546939752e-10,1.42550962491148e-09,11.4501011697172
X458_.hsa.mir.3194,-0.484704080540915,0.621060367730769,-6.33083349685367,6.29842184385676e-10,1.59492295078308e-09,11.3350615327747
X844_.hsa.mir.4491,-0.674392491279661,0.84984683559375,-6.25378699644895,9.91229082242671e-10,2.49662512158448e-09,10.8919365236635
X1375_.hsa.mir.577,-1.31920038241507,2.00059296076683,-6.24113095344435,1.06744175566496e-09,2.67428227084148e-09,10.8195761221312
X270_.hsa.mir.200a,-0.808833309183612,2.53708832885817,-6.23987402833205,1.07531660597379e-09,2.67975725615691e-09,10.8123963388767
X1388_.hsa.mir.589,-0.568640717275375,7.83672160370192,-6.20905999738233,1.28716972594029e-09,3.19082600483092e-09,10.6367564118005
X1616_.hsa.mir.6793,-0.560931609904502,0.860507470086538,-6.17604149325155,1.55950057230206e-09,3.8456794217501e-09,10.4493531081756
X627_.hsa.mir.3913.2,0.714912626417532,2.15659673126442,6.16404722252035,1.6717701203565e-09,4.10106107649955e-09,10.3814830833984
X255_.hsa.mir.196a.1,-0.974493930179971,1.09543827296875,-6.13459392568752,1.98206557723662e-09,4.83706159004376e-09,10.215287133823
X494_.hsa.mir.33b,-0.692138021639148,1.658373853375,-6.10594019403503,2.33767612816378e-09,5.67549204311928e-09,10.054240588706
X167_.hsa.mir.130a,-1.7307072431899,6.68334451441827,-6.05230220359729,3.17853497380056e-09,7.6773844751798e-09,9.75446755841029
X1374_.hsa.mir.576,-0.71486126047603,4.83214186569231,-6.03642159110394,3.4798201229275e-09,8.36222080560639e-09,9.66613907435877
X1523_.hsa.mir.664a,-0.605751534367132,6.6414824590024,-5.95130759207463,5.63576955652465e-09,1.34743525945335e-08,9.19605897618501
X476_.hsa.mir.320d.1,0.530754979494532,0.608640024122596,5.91217275990355,7.02165694465824e-09,1.67030324289597e-08,8.98180860924635
X306_.hsa.mir.22,-0.73978163555768,14.6678452053125,-5.89735132507892,7.6290785969399e-09,1.80567639153703e-08,8.90097803947607
X217_.hsa.mir.15b,-0.530260808165123,10.5770544093173,-5.89065685068684,7.91996872367966e-09,1.86515263442656e-08,8.86452515247515
X909_.hsa.mir.455,-1.23797454102706,2.26878722345913,-5.88257601445707,8.28553910573842e-09,1.94153677552378e-08,8.82056990697946
X883_.hsa.mir.452,-1.73410922286495,2.33133694567308,-5.87089590352614,8.84319118399878e-09,2.06195200379377e-08,8.75712693115469
X1782_.hsa.mir.7854,-0.636936307725807,1.13569569840144,-5.85819192139013,9.49130908395762e-09,2.20217072834682e-08,8.68824391030246
X1101_.hsa.mir.491,-0.728002085543829,3.07344100247596,-5.78295311914043,1.43932070779002e-08,3.3231375165152e-08,8.28288570760619
X626_.hsa.mir.3913.1,0.67173732085657,2.18113990328846,5.78148221792881,1.45102257818821e-08,3.33381285037388e-08,8.27500546990509
X146_.hsa.mir.1296,-0.990459173431383,2.86412210800962,-5.76967686844952,1.54836094802792e-08,3.5401844976755e-08,8.21182109040623
X1365_.hsa.mir.5706,-0.47884855934363,1.03087815249279,-5.71018532238244,2.14422318521247e-08,4.87888463881679e-08,7.89508871882408
X657_.hsa.mir.3945,-0.571255930609988,0.883513240158654,-5.70444671942152,2.21231623721902e-08,5.00961994101038e-08,7.86468478316711
X483_.hsa.mir.326,1.09473692731328,3.97465399453846,5.6827301815986,2.48959199532057e-08,5.61051593203823e-08,7.74986427971068
X297_.hsa.mir.215,0.898872241195098,2.60253806647356,5.60649281412527,3.75758117624735e-08,8.42771778101191e-08,7.34975337886891
X178_.hsa.mir.1343,-0.711290183096773,1.45489535159615,-5.6024530112767,3.83996878822914e-08,8.57168388272951e-08,7.32868109411106
X1092_.hsa.mir.484,-0.659983001447511,8.21594504126202,-5.59780772200102,3.93687866783532e-08,8.74655590825677e-08,7.30446663926846
X266_.hsa.mir.199b,-0.920300975353836,9.70718851626202,-5.59577410205698,3.98004923861064e-08,8.8009539501672e-08,7.29387144597498
X84_.hsa.mir.1255a,-0.557559747031073,1.08269965938221,-5.56338999593342,4.73288501221117e-08,1.04167702838853e-07,7.12559641975209
X354_.hsa.mir.30b,-0.782649133406233,9.79254490903846,-5.52992008094285,5.65608519264722e-08,1.23907726778458e-07,6.95256422072147
X350_.hsa.mir.3064,-0.480287002295608,0.959297303865385,-5.51730254828871,6.047734040361e-08,1.31874200602316e-07,6.88756826254431
X166_.hsa.mir.1307,-0.739314767344348,11.493599838012,-5.51633109406383,6.0789580856731e-08,1.31944205454011e-07,6.88256938465302
X582_.hsa.mir.3690.1,-0.962489921689629,2.20142639203365,-5.44526253569627,8.84255794302917e-08,1.91047926200309e-07,6.51893387972881
X56_.hsa.mir.1229,-0.510584329731456,0.847265335983173,-5.44133176166328,9.02671323716666e-08,1.94136161402078e-07,6.4989405857463
X881_.hsa.mir.451a,-1.90455667173236,10.3206527576322,-5.42468400547547,9.84882238795217e-08,2.10854333851158e-07,6.41440316045682
X188_.hsa.mir.141,-0.845977630536995,4.72253759767548,-5.40785542294883,1.07536183604188e-07,2.29183450124763e-07,6.32917612038355
X531_.hsa.mir.3652,0.871448247962273,1.74801526503365,5.33540855854252,1.5659510021417e-07,3.31027946489962e-07,5.96490645751687
X303_.hsa.mir.219a.1,-0.572791140390107,3.15554108011779,-5.33524322812054,1.5672873050374e-07,3.31027946489962e-07,5.96408005665823
X205_.hsa.mir.151a,-1.20548968742018,8.91819465389663,-5.33414276029651,1.57621020833057e-07,3.31426342912366e-07,5.95857995907031
X861_.hsa.mir.4505,0.540723801130035,0.749235463805288,5.33295670507497,1.58588227744711e-07,3.31978023412261e-07,5.9526532069818
X532_.hsa.mir.3653,-1.06219007576909,5.52586492358173,-5.32351411271119,1.66496686965114e-07,3.46990883011366e-07,5.90550932310891
X514_.hsa.mir.3615,-0.70674719504994,5.53554815622596,-5.26346528966454,2.26514121259164e-07,4.69991855123639e-07,5.60741314384875
X101_.hsa.mir.1266,1.11064823228221,2.34863385059375,5.08178658883131,5.64975703533126e-07,1.16712086124606e-06,4.72361276217523
X530_.hsa.mir.3651,-1.36149939217341,3.51075559276683,-5.07434625514209,5.86195500626309e-07,1.2056684750873e-06,4.68800155609194
X475_.hsa.mir.320c.2,0.486976585845635,0.794520105927885,5.06377797133848,6.17666425553466e-07,1.26487341928558e-06,4.637498511952
X471_.hsa.mir.320a,0.75876413805824,10.3500809288966,5.04691527577358,6.7129293447949e-07,1.3687401391335e-06,4.5571089650758
X295_.hsa.mir.212,0.631184058150175,1.98767174824038,5.00464827552131,8.26245871595264e-07,1.67742157552314e-06,4.35665306384928
X1298_.hsa.mir.551a,-0.881635934591759,2.87947172804327,-4.95854073837095,1.03464754556844e-06,2.09149782816625e-06,4.1396887388208
X1246_.hsa.mir.548au,-0.337313052144068,0.654402221204327,-4.95002614238431,1.07832638724686e-06,2.17047747176612e-06,4.09981746325043
X615_.hsa.mir.381,-1.24080001465938,1.81699457763462,-4.93175915315159,1.17812378135519e-06,2.35832198192376e-06,4.014484294595
X799_.hsa.mir.4449,1.33431007471879,2.52228796004808,4.93113886555864,1.18166451748197e-06,2.35832198192376e-06,4.01159158452865
X1449_.hsa.mir.616,-0.758562906139693,3.02025328129087,-4.923298838014,1.22731232365067e-06,2.43908904826778e-06,3.97505754271164
X225_.hsa.mir.181c,0.989892775539177,8.34425927273317,4.91151837530912,1.29911879695829e-06,2.56720838015974e-06,3.92025863041801
X118_.hsa.mir.1275,0.727087544367869,1.38227180714183,4.91095044388837,1.30268111010229e-06,2.56720838015974e-06,3.91761975063684
X501_.hsa.mir.34c,-0.863407006853836,1.23056859222596,-4.9048302436604,1.34167291074798e-06,2.63303308734291e-06,3.88919963521752
X169_.hsa.mir.132,0.560084370949887,6.581873458375,4.88838837375674,1.45208378331561e-06,2.83788988357533e-06,3.81300562283217
X1025_.hsa.mir.4742,-0.431073081421723,0.969203283927885,-4.85184553074741,1.7297584199441e-06,3.3665959330317e-06,3.64447823976593
X232_.hsa.mir.185,-0.538653593880804,8.50626382723077,-4.8195195807557,2.01752376854129e-06,3.91050903285163e-06,3.49633997269824
X794_.hsa.mir.4444.2,-0.398944213318388,1.06198257449038,-4.80603208080828,2.15077522586806e-06,4.15170135813055e-06,3.43479346588859
X1626_.hsa.mir.6803,-0.530042555535265,1.45798466429808,-4.77383633951997,2.50403383718941e-06,4.81387729516821e-06,3.28850149198872
X886_.hsa.mir.4521,-0.625835441863861,2.10137342324519,-4.76094889880273,2.66056884170852e-06,5.09401595302728e-06,3.23019015823558
X1496_.hsa.mir.6509,0.638869665146252,2.28571656783894,4.75258674687683,2.76713539429052e-06,5.27317625467674e-06,3.19242986791303
X504_.hsa.mir.3605,-0.513259241773101,1.48871389012019,-4.75186416800554,2.77653441859837e-06,5.27317625467674e-06,3.18916977269285
X943_.hsa.mir.4662a,-1.18506621558885,3.98635778442308,-4.73827602363935,2.95911612397316e-06,5.59736423450345e-06,3.12794631489095
X1509_.hsa.mir.6516,-0.523204899865592,1.05102332401202,-4.71612137831469,3.28184581242695e-06,6.18299751061238e-06,3.02846284924843
X138_.hsa.mir.129.2,0.5655410529148,0.823895229387019,4.67020921945773,4.06190192059159e-06,7.62213467967585e-06,2.82363341387834
X1029_.hsa.mir.4746,0.519209667732456,4.25121584865385,4.62555136195653,4.98990906455437e-06,9.32637765636948e-06,2.62613202454508
X140_.hsa.mir.1291,-0.738377261760431,2.1247756571899,-4.62238600052899,5.06290530072584e-06,9.42540868237894e-06,2.61219803458664
X466_.hsa.mir.32,-0.828185918065795,6.17232760601442,-4.61193183481689,5.31135116772761e-06,9.84900157480198e-06,2.56623975006443
X1476_.hsa.mir.642a,-1.00288117986395,1.93167435035337,-4.60154520284234,5.56977027810166e-06,1.02876933371995e-05,2.52067141879299
X565_.hsa.mir.3682,0.476990077346911,1.8562770533726,4.5456310603595,7.18200275844753e-06,1.32137628876125e-05,2.27696080506547
X755_.hsa.mir.4326,-1.02668852778777,3.50519868232452,-4.53128301718238,7.66297264014443e-06,1.40438136712375e-05,2.21485749100037
X1875_.hsa.mir.944,1.00423794258192,1.60561127460096,4.49755329200953,8.91839983060985e-06,1.62812648070436e-05,2.0695646559105
X1284_.hsa.mir.548t,0.35258582861099,1.05771977017067,4.47596544783942,9.82299865774587e-06,1.78634454355147e-05,1.97709079099512
X1072_.hsa.mir.4786,0.574758937250045,1.48474291379327,4.44765933262085,1.1143081457798e-05,2.01861206408572e-05,1.85645109832114
X1665_.hsa.mir.6842,0.526220235697734,4.31867230833894,4.38910425946851,1.4433535850529e-05,2.60467256153225e-05,1.60910264557373
X214_.hsa.mir.155,0.597924356609262,11.0897093882548,4.37877408349313,1.5103178620039e-05,2.71511340841159e-05,1.56577589997475
X1755_.hsa.mir.760,0.6621445377967,1.60698830318029,4.32966549378675,1.87142820083265e-05,3.35149308970409e-05,1.36107977156322
X1219_.hsa.mir.545,-0.394262458956533,1.15234909172356,-4.3265211065529,1.89716436150824e-05,3.38471369041811e-05,1.34804507368872
X1083_.hsa.mir.4797,0.341571054843812,0.860232671807692,4.29955476330696,2.13220735499553e-05,3.78969684604865e-05,1.23661481567505
X109_.hsa.mir.1271,-0.634501725933661,2.13995337533654,-4.2386056625352,2.77017461677656e-05,4.90508362594646e-05,0.987112342269507
X333_.hsa.mir.296,-0.688360117867686,1.67611506301923,-4.19372721505856,3.35235652996387e-05,5.91370758656547e-05,0.805486643093262
X1764_.hsa.mir.769,-0.343640557080002,5.40019578624038,-4.18185214332892,3.52491406781558e-05,6.19490494754156e-05,0.757724757679176
X77_.hsa.mir.1249,-0.746571480731546,2.90530867479808,-4.15888576348356,3.88294318275918e-05,6.79875925308393e-05,0.66570675920458
X605_.hsa.mir.378d.1,0.294097802111081,0.558641480771635,4.1413585869326,4.17921259991502e-05,7.29040420207399e-05,0.595795512006568
X1636_.hsa.mir.6813,-0.338732499238016,0.874456059418269,-4.12650681502591,4.44698763922662e-05,7.72889733607283e-05,0.536768607838843
X351_.hsa.mir.3065,-0.706275173808094,3.15694128679327,-4.08286525718232,5.33157629460503e-05,9.23225159837857e-05,0.364451195907879
X415_.hsa.mir.3158.2,0.260485533474849,0.508668605651442,4.07290977379391,5.55560992919944e-05,9.57022427442578e-05,0.325379121047281
X83_.hsa.mir.1254.2,0.468893164516766,1.49493658892548,4.07239685148963,5.5673916161203e-05,9.57022427442578e-05,0.323368451764658
X93_.hsa.mir.126,-1.32588227614088,11.1711747599279,-4.04618298612248,6.2021670482879e-05,0.000106226206536131,0.220920941718193
X1459_.hsa.mir.625,0.445487454078467,9.2476759439976,4.03770976817841,6.42165173953676e-05,0.000109586882946443,0.187937187844057
X1517_.hsa.mir.659,0.411504461994261,1.85660530744952,3.97457196526882,8.30540777720727e-05,0.000141221915634102,-0.0558240749465293
X1045_.hsa.mir.4762,-0.29979312750729,0.934685334963942,-3.96162942027641,8.7514650658056e-05,0.000148271224676059,-0.105352724721998
X137_.hsa.mir.129.1,0.468665607875159,0.799254916024038,3.90064861344211,0.000111763884676593,0.000188676665529302,-0.336696510435877
X1037_.hsa.mir.4754,0.279479150095407,0.519877387242788,3.88685798308158,0.00011806837471087,0.000198607873174356,-0.388551843788036
X1625_.hsa.mir.6802,0.353757998202296,1.14935349753846,3.88491883803793,0.000118981402748148,0.000199431461545829,-0.395829692320556
X964_.hsa.mir.4680,-0.262582076006835,0.523609351661058,-3.87753758310558,0.000122518283606008,0.000204631601341949,-0.423501538367731
X82_.hsa.mir.1254.1,0.450726955324495,1.5574664013774,3.87543548901674,0.00012354360244725,0.000205614970857437,-0.431373195197017
X495_.hsa.mir.340,-0.611812922198287,7.40069940179808,-3.84626954066891,0.000138634070123607,0.000229917771226124,-0.540180086404129
X1379_.hsa.mir.580,-0.394816245517952,1.8652768760625,-3.81155406541718,0.000158867274296444,0.000262549074363597,-0.668691714704737
X204_.hsa.mir.150,-0.81412251910316,11.9829098028413,-3.76680772597174,0.000189076941753242,0.000311381956523695,-0.832732225535687
X971_.hsa.mir.4687,0.627910325323308,1.23582134253365,3.73664203794197,0.000212417259398626,0.000348601146957327,-0.942298550619667
X1704_.hsa.mir.6877,0.465742479164389,1.27267442977404,3.72043254982586,0.000226055206241759,0.000369694451874544,-1.00083353847039
X780_.hsa.mir.4434,0.343023795175324,0.637838032697115,3.71632970652205,0.000229635712154379,0.000374250589704888,-1.01561178258328
X1478_.hsa.mir.643,-0.343752991610534,2.04841228895673,-3.68234385904867,0.000261417127072421,0.000424577471900381,-1.13744005089433
X1867_.hsa.mir.940,-0.650492784893566,2.55140252937981,-3.67845126693343,0.000265310530858037,0.000429420137574348,-1.15132681017612
X14_.hsa.mir.100,0.98476996239684,7.27128983942548,3.66172965995495,0.000282664528866912,0.000455941757179163,-1.21082426507885
X506_.hsa.mir.3607,-0.8042480725205,5.4262981945,-3.63750137610578,0.000309711401132457,0.000497863719909171,-1.29658025549405
X179_.hsa.mir.135a.1,0.650156645349463,0.891883051151442,3.60590759986181,0.000348642835596876,0.000558540052946015,-1.40760350573795
X584_.hsa.mir.3691,0.311185707808184,0.952058699002404,3.50632158132506,0.000503554016358404,0.000803979463406129,-1.75159425751702
X1550_.hsa.mir.6733,0.242305994549663,0.693394065432692,3.4770256029958,0.000560162360281642,0.000891339431394099,-1.85106047945183
X562_.hsa.mir.3680.1,0.310247619116819,1.22259336700962,3.45982692440724,0.000596111272912711,0.000945348180275713,-1.90908684245966
X13_.hsa.mir.1.2,-0.892950962569802,1.89301540813702,-3.44539188425702,0.000627935339467858,0.000992474982850204,-1.95757928390392
X305_.hsa.mir.219b,-0.30317086976171,1.31863054849279,-3.44320754428279,0.000632886980547636,0.000996955745277379,-1.9649005776494
X206_.hsa.mir.151b,-0.383936721091671,1.10159964156731,-3.42488504243774,0.000675880603587488,0.00106113254763236,-2.02613969138159
X12_.hsa.mir.1.1,-0.866356752530618,1.84746523707452,-3.40723988122513,0.000719847133144732,0.00112640531465505,-2.08482294076353
X1769_.hsa.mir.7705,-0.377394801386368,1.31964648399519,-3.39305934075142,0.000757098269061022,0.0011807724659859,-2.13177594798317
X322_.hsa.mir.25,0.329319474545288,15.5916175383173,3.38894952933574,0.00076822558802063,0.00119186268441247,-2.14534925941621
X76_.hsa.mir.1248,1.05519096216002,3.91051090178846,3.38856656716952,0.000769270182720574,0.00119186268441247,-2.1466132604489
X434_.hsa.mir.3177,0.307240742217423,0.6317472510625,3.36668949132223,0.000831189010622123,0.00128357384919023,-2.21859598430234
X286_.hsa.mir.21,-0.562769063957553,16.702537453149,-3.33755783008922,0.000920856954871929,0.00141739746975385,-2.31376297403964
X1564_.hsa.mir.6747,0.249196559095498,0.498830026629808,3.3316140674569,0.000940223408658732,0.00144249259113441,-2.33308370331715
X242_.hsa.mir.191,-0.40603410355258,12.0174907789279,-3.32348893116211,0.000967310452590901,0.00147923124405946,-2.35944234931424
X316_.hsa.mir.23a,-0.337525864757971,12.184716154726,-3.31282112110193,0.00100397590258701,0.00153033220103069,-2.39395695559171
X959_.hsa.mir.4676,-0.427474402941862,2.29487469245192,-3.28778644585252,0.00109515000140457,0.00166392145374695,-2.47454053925011
X250_.hsa.mir.193a,-0.727325818849462,6.66082522224519,-3.27304271395628,0.00115238165168084,0.00174524681010184,-2.52172725627642
X1380_.hsa.mir.581,-0.340279177035447,0.976571860084135,-3.26024355344173,0.00120430177634055,0.00181803248928334,-2.56252708168828
X559_.hsa.mir.3677,-0.509654265721523,2.41270099849038,-3.19202395366007,0.00151953905473531,0.00228659071814802,-2.77742520216385
X484_.hsa.mir.328,-0.55537828423583,6.268847239125,-3.18494305467867,0.0015562986996659,0.00233444804949885,-2.79948289831452
X1770_.hsa.mir.7706,0.462601981796429,2.57243332839904,3.1619208661101,0.00168157110356966,0.00251434917390892,-2.87087671163888
X1508_.hsa.mir.6515,0.251757485729725,0.574738111504808,3.15675309699628,0.00171094126058435,0.00255016877764313,-2.88683457336933
X560_.hsa.mir.3678,0.26546216157618,0.808004667305288,3.13015719447632,0.00186972487456915,0.00277804547609486,-2.96856791560708
X654_.hsa.mir.3942,0.279719565799435,1.30472586905048,3.03121970253841,0.00258718745304815,0.00383196632196754,-3.26681839540067
X326_.hsa.mir.26a.2,-0.333403147781118,10.7381187436298,-3.02018130481502,0.00268124791831935,0.00395883313331791,-3.29952600007859
X325_.hsa.mir.26a.1,-0.333372662002832,10.7252640766611,-3.01150744966969,0.00275734899513551,0.00405847305221507,-3.32514714476617
X240_.hsa.mir.190a,-0.568270940040094,2.05992850942308,-3.00781770863907,0.00279031764768474,0.00409420439893929,-3.33602464486032
X488_.hsa.mir.331,-0.372441857443774,4.96964775866346,-2.97226792485078,0.00312698250477248,0.0045739402476641,-3.44017228023915
X24_.hsa.mir.106b,0.298070589261519,11.3629871912404,2.94793704623974,0.00337840058841635,0.00492639838125109,-3.51076848402835
X187_.hsa.mir.140,-0.178451393561147,12.3519020453365,-2.92232411877487,0.00366290971249734,0.00532478541538965,-3.58448309247314
X1656_.hsa.mir.6833,0.206076799422453,0.431119573697115,2.91861958777977,0.00370582308058093,0.00537059283370344,-3.59509371557219
X329_.hsa.mir.27b,-0.329575511852205,8.15704144552404,-2.91734606713222,0.003720681194916,0.00537558540737864,-3.59873838530852
X143_.hsa.mir.1294,-0.303015578553582,1.17741861820913,-2.90438884809347,0.00387497164429763,0.00558081055028924,-3.635733634879
X489_.hsa.mir.335,0.762914531986786,7.38040281598317,2.90344591724252,0.00388642433226087,0.00558081055028924,-3.63841970352529
X252_.hsa.mir.194.1,0.451237172047852,6.83801769041106,2.86318628044637,0.00440516054334791,0.00630647603622147,-3.75232302332102
X1719_.hsa.mir.6892,0.459234271291964,2.67750469275481,2.80213213094676,0.00531269146753097,0.00758265964002148,-3.92213913588547
X1606_.hsa.mir.6783,-0.290359924377712,1.2354820605601,-2.79691851064364,0.00539754951317264,0.0076805009688952,-3.93647700930475
X90_.hsa.mir.125a,-0.706280637736107,6.60390245789423,-2.7805394462895,0.005672189008217,0.00804699103274159,-3.98135340133614
X1094_.hsa.mir.486.1,-0.861091127775277,9.36029835257212,-2.77929665846428,0.005693535396764,0.00805301853416169,-3.98474810390361
X1067_.hsa.mir.4781,0.20777423907691,0.914725598927885,2.76527186395697,0.00593951861455622,0.00837578822591611,-4.02295575009655
X174_.hsa.mir.133a.1,-0.580204708436939,1.8917175098149,-2.75852486200713,0.00606124586676343,0.00852193075595694,-4.0412701772109
X1077_.hsa.mir.4791,0.324175481880808,1.45108266861538,2.74560944913028,0.00630057081101545,0.00881394331986057,-4.07620813549876
X508_.hsa.mir.361,0.18381411144961,10.0679836281346,2.74530218067356,0.00630636708873251,0.00881394331986057,-4.07703741292279
X1095_.hsa.mir.486.2,-0.852503615529248,9.34554769154327,-2.73728230928738,0.00645936675603209,0.00900107024287311,-4.09865033506738
X960_.hsa.mir.4677,0.360058200802812,5.04565967716827,2.72667659983883,0.00666684267139732,0.00926278141070247,-4.12713820741793
X414_.hsa.mir.3158.1,0.181526981972116,0.561251589802885,2.72374539947108,0.00672523567505169,0.00931642942043926,-4.13499284773653
X563_.hsa.mir.3680.2,0.202191840052214,0.77479963396875,2.71465265953007,0.00690932087298795,0.00954337281870184,-4.15930648255222
X134_.hsa.mir.1288,0.251445574532623,1.18007380636298,2.68991287360307,0.00743339922193948,0.01023722524425,-4.22506235382695
X1293_.hsa.mir.550a.1,0.302687407319299,3.23024299941827,2.67047862243369,0.0078698922515759,0.0108067616632427,-4.27630880953991
X1489_.hsa.mir.6502,-0.242242043882449,0.955542477302885,-2.6661105732834,0.00797111543091152,0.0109139400231376,-4.28777755825331
X220_.hsa.mir.17,-0.269177071428834,12.3711766798558,-2.65585632174055,0.00821335491741459,0.0112130149742095,-4.31462981203739
X317_.hsa.mir.23b,-0.257254638802539,7.58539067094952,-2.65440637948504,0.00824813573168975,0.011227953553832,-4.3184186252256
X637_.hsa.mir.3922,0.265909048761524,3.03019233775721,2.65116615796974,0.00832633976148182,0.0113017464774004,-4.32687834890276
X602_.hsa.mir.378a,0.364417041066613,11.0239467889399,2.6265862797686,0.00894159385392236,0.0121019847850501,-4.3907272124724
X262_.hsa.mir.1976,-0.317833767923543,5.74735663509856,-2.59268141290392,0.00985709063364424,0.0133028357835142,-4.47785427706437
X1070_.hsa.mir.4784,0.282020768183889,1.04700569911058,2.57593522675352,0.0103394801796128,0.0139139861845646,-4.52048342690818
X320_.hsa.mir.24.2,-0.368063045899573,10.1490589531298,-2.57490481150845,0.0103698395095417,0.0139150837863081,-4.5230977173485
X30_.hsa.mir.1180,-0.536003106318848,3.53588223297837,-2.54267902327174,0.01136039636881,0.0151666243003506,-4.60434694462267
X1113_.hsa.mir.5001,0.252613607458356,1.56131749344231,2.54247529401505,0.0113669180000504,0.0151666243003506,-4.60485744175541
X175_.hsa.mir.133a.2,-0.525927443853473,1.85730307630769,-2.53823037645302,0.0115035641290088,0.0153055895614778,-4.61548517517266
X1762_.hsa.mir.766,0.365661614191185,7.05185451463942,2.53162692392663,0.0117190420869769,0.0155483628815947,-4.63198359557418
X1497_.hsa.mir.651,-0.395160114052761,3.46883256453606,-2.52970094799116,0.0117825620220025,0.0155887267201213,-4.63678770682952
X1115_.hsa.mir.5003,0.212818171118918,0.619437825646635,2.50558041074543,0.0126044194074352,0.0166293600585489,-4.69665308252236
X243_.hsa.mir.1910,-0.277741892701294,0.896659645788462,-2.49380312445722,0.0130239116503638,0.0171348111377692,-4.72568121819075
X328_.hsa.mir.27a,-0.359810976229008,11.274830729887,-2.44754181557592,0.0147940838091435,0.0194095082844195,-4.83841861346087
X1490_.hsa.mir.6503,-0.56759222426426,3.58020055470192,-2.41247364251345,0.0162745123050753,0.0212924869324735,-4.92251172755124
X1724_.hsa.mir.7.2,-0.259044183092035,1.43023205289423,-2.41030541387203,0.0163701923888774,0.0213583396541863,-4.92767238374054
X284_.hsa.mir.20a,-0.392289434986051,11.5599034306563,-2.3991178698599,0.0168718022955015,0.0219519858596166,-4.9542284186924
X191_.hsa.mir.144,-0.899541380402862,8.6499805533774,-2.33847045731016,0.0198335751780733,0.0257344735781612,-5.0960950465874
X1473_.hsa.mir.639,-0.22719419885329,0.698836930288461,-2.32821428832613,0.020377129483433,0.026367109853563,-5.1197366234778
X196_.hsa.mir.146b,0.445320530124468,11.204461017649,2.30815903402465,0.0214778010400787,0.0277151898352797,-5.16567353063579
X1506_.hsa.mir.6513,-0.152278382696738,0.542239325927885,-2.2687345727338,0.0237937441234525,0.0306198182572298,-5.25484630847915
X606_.hsa.mir.378d.2,0.174156429625843,0.738253300206731,2.22407654390182,0.0266769934088976,0.0342366863640075,-5.35404577900262
X1024_.hsa.mir.4741,0.199865728301075,0.570843178173077,2.22002768355821,0.0269527845172322,0.0344966345315662,-5.3629443673711
X1112_.hsa.mir.5000,0.262561981925733,2.5218212145649,2.175176564031,0.0301768692922395,0.0385184429177366,-5.46045839944638
X209_.hsa.mir.153.2,-0.60185607704447,3.48230215664904,-2.16554807585214,0.0309108190188437,0.039348637183447,-5.48113875708003
X319_.hsa.mir.24.1,-0.317331025722805,10.066521880101,-2.15532201580085,0.0317071095876916,0.0402535003121368,-5.50300436258497
X465_.hsa.mir.3199.2,0.168911393131037,0.781290186817308,2.12758483324669,0.0339564093831098,0.0429931957511955,-5.56180294212757
X202_.hsa.mir.148b,-0.171728378836611,7.69135057198317,-2.09825214059743,0.0364826937219813,0.0460679590966574,-5.62317285722938
X1354_.hsa.mir.5698,0.273870682110805,1.96508812827885,2.08992571322969,0.0372284587179388,0.0468839680645699,-5.64044143068214
X1336_.hsa.mir.5684,-0.168984559519409,0.804040536206731,-2.07892892485067,0.0382333262877865,0.0480210578174599,-5.66314514139474
X377_.hsa.mir.3127,0.293757389381267,3.70981813538942,2.06169125604181,0.0398550173644958,0.0499247690922275,-5.698497511658
X656_.hsa.mir.3944,0.180646010953435,0.787520147204327,2.05138402548446,0.0408524118687497,0.0510384243771382,-5.71949860353818
X163_.hsa.mir.1304,-0.337001166662841,2.55081902249519,-2.02846435859752,0.0431465693916177,0.0537619951943173,-5.76582788696659
X1633_.hsa.mir.6810,-0.185613992196373,0.788985343834135,-2.02442975662143,0.0435615222641868,0.0541358231831978,-5.77393051364127
X1149_.hsa.mir.511,-0.401121798628394,1.45473196504808,-2.00118393652228,0.0460187662185128,0.057039049707683,-5.82030653721504
X141_.hsa.mir.1292,0.21369974755668,1.58539948867548,1.93519843626517,0.0536403334215613,0.0663112783242923,-5.94908537723622
X1858_.hsa.mir.92b,0.327127006790141,5.85378761295433,1.88477838793684,0.0601534572177435,0.074168267930778,-6.04462775133837
X1311_.hsa.mir.5581,0.144726772891379,0.828391304735577,1.88142713739514,0.0606087396385077,0.0744577154528284,-6.05089026736516
X1073_.hsa.mir.4787,-0.200442175653544,0.717583467591346,-1.88072581277595,0.0607043794774652,0.0744577154528284,-6.05219945334223
X258_.hsa.mir.197,-0.277784776796782,10.27021214525,-1.85271191988215,0.0646285071494564,0.079065004850374,-6.10410138649554
X1294_.hsa.mir.550a.2,0.208905173340714,3.22519490984375,1.82928570188198,0.0680692194650461,0.0829998894234522,-6.14691534251972
X1725_.hsa.mir.7.3,-0.200201436501094,1.34064406573798,-1.82843230964115,0.0681973613734098,0.0829998894234522,-6.14846488943464
X15_.hsa.mir.101.1,0.362457449418638,13.2375518884615,1.79479489116532,0.0734089422767571,0.0891124015782283,-6.2089750901696
X4_.hsa.let.7b,0.369810763856215,13.3379203613894,1.7313487414946,0.0841276317903911,0.101861477052119,-6.32009558102393
X16_.hsa.mir.101.2,0.347131086418436,13.2691059447981,1.72018396024792,0.0861393330346796,0.104029809895728,-6.33924195733335
X1504_.hsa.mir.6511b.2,0.209720930115272,1.32905449466106,1.71614166419882,0.0868772324948981,0.104471932968257,-6.34614394058422
X1036_.hsa.mir.4753,0.132618009068252,0.587430804088942,1.71501480105875,0.0870838456325864,0.104471932968257,-6.34806513956097
X1407_.hsa.mir.607,0.243212471757882,0.97426578165625,1.71454093724285,0.0871708485276543,0.104471932968257,-6.34887266256241
X1383_.hsa.mir.584,0.345102931850111,9.07051121358894,1.69346668808945,0.0911118753831536,0.108918003313364,-6.38456328473229
X1643_.hsa.mir.6820,-0.1254976726232,0.594119737786058,-1.68276991892391,0.0931665705817869,0.111092290491194,-6.40251238738271
X969_.hsa.mir.4685,-0.124738886349371,0.703502022995192,-1.55238055614746,0.121328172294493,0.144306992804813,-6.61227627451771
X211_.hsa.mir.1538,-0.153731113682614,0.898793751733173,-1.50814350822994,0.132273423999006,0.156928923686479,-6.67964592250035
X1706_.hsa.mir.6879,-0.12084145658183,0.574198155810096,-1.50485271849142,0.133117369352266,0.157533369258586,-6.68458057154866
X133_.hsa.mir.1287,0.177787100868322,5.02819794772837,1.47292113180453,0.141525085112289,0.167063446335559,-6.73190922178332
X1488_.hsa.mir.6501,-0.133500648445599,0.762115663216346,-1.44136361306142,0.150230897530917,0.176896881842655,-6.77769636958663
X1503_.hsa.mir.6511b.1,0.170335128882267,1.36636470645673,1.38876026002676,0.165645370971171,0.194561021764143,-6.85183633319148
X1510_.hsa.mir.652,0.133639377959825,6.9893236268774,1.38353036334225,0.167240910174347,0.195946439532631,-6.85905820856279
X548_.hsa.mir.3667,-0.212191586777018,1.41003839064183,-1.36724967399805,0.172282024914651,0.201351944751366,-6.8813670744407
X5_.hsa.let.7c,0.358125896708136,8.34049914789663,1.34205360403597,0.180307316084964,0.210209767019846,-6.91537638626628
X1015_.hsa.mir.4732,-0.286055594993894,2.06800187286298,-1.29812924557538,0.194958919010313,0.22673000210829,-6.97316500687165
X451_.hsa.mir.3187,-0.128221513479588,0.757123077415865,-1.26922542172481,0.205067106066329,0.237898046692711,-7.01015145636308
X1283_.hsa.mir.548s,0.120835531649807,1.06799850802644,1.24892966019782,0.212389965956296,0.245205519720606,-7.03562880715605
X487_.hsa.mir.330,0.174497970186715,5.91473447950721,1.24888214554381,0.212407329184729,0.245205519720606,-7.03568797425681
X165_.hsa.mir.1306,-0.167416916494259,4.10061835128846,-1.23357994305696,0.218052846155161,0.251107311831493,-7.05462663798098
X567_.hsa.mir.3684,0.0882796874715696,0.825630864439904,1.22718424529093,0.220444240146014,0.253242041728714,-7.06247354585864
X1866_.hsa.mir.939,-0.104432534034901,1.29237815943029,-1.19342427164355,0.233380335365089,0.267133253026778,-7.1032226273668
X129_.hsa.mir.1284,-0.124967914744123,1.77778341754327,-1.19268200402967,0.233670701161428,0.267133253026778,-7.10410587964469
X195_.hsa.mir.146a,0.237534725093571,9.81139082105529,1.18776836468511,0.235599338030398,0.268685927874861,-7.10993903931568
X916_.hsa.mir.4638,-0.0874013285430109,0.599936048709135,-1.15007748793938,0.250769680087556,0.285295940389465,-7.15388766985608
X7_.hsa.let.7e,-0.227434730971922,8.41234375920673,-1.12176234705927,0.262607653138144,0.298043866573653,-7.18597759917469
X6_.hsa.let.7d,-0.14595463270321,10.5564906939351,-1.09195660901014,0.275481313158663,0.311903121388774,-7.21889778706634
X1879_.hsa.mir.98,-0.120636943053207,6.95525802840865,-1.08100046833072,0.280320347898921,0.316612548160181,-7.23077720839314
X1880_.hsa.mir.99a,0.326062358276017,5.73509423501683,1.07950520247069,0.280985233823685,0.316612548160181,-7.23238924314026
X257_.hsa.mir.196b,-0.474139293077725,8.57730822441106,-1.07078675613111,0.284883372827053,0.320238827211318,-7.24174434471316
X17_.hsa.mir.103a.1,-0.0842273311171802,14.9970643915385,-1.01969321108527,0.30846394572582,0.345920281992527,-7.29505195315564
X18_.hsa.mir.103a.2,-0.0829867425970416,15.0005011061058,-1.00679164456402,0.314617512663801,0.351983012980167,-7.30810259831861
X652_.hsa.mir.3940,0.119999828432478,1.58041515445673,0.996322947738777,0.319669813308731,0.356787872200029,-7.31857072700275
X1183_.hsa.mir.5193,-0.0768152411884453,0.683756227697115,-0.944782563893525,0.345315824458269,0.384500598864881,-7.36852012591682
X53_.hsa.mir.1226,0.123129151749408,1.98646457391827,0.93370466107961,0.35099543941791,0.389902952749612,-7.37891123809243
X1466_.hsa.mir.632,-0.0915725522434847,0.696817456384615,-0.929246570899736,0.353297765686481,0.391537053266664,-7.38305850220319
X253_.hsa.mir.194.2,-0.135615138667571,7.21547340183173,-0.904535852027725,0.366232499044453,0.404919030633656,-7.40568786857939
X1276_.hsa.mir.548l,-0.0558419692140512,0.502505759257212,-0.900387970480825,0.368432399340301,0.406397330419863,-7.40942683751573
X1275_.hsa.mir.548k,-0.06517588115965,0.672947958591346,-0.883050232159534,0.377716833197164,0.415665019709964,-7.42487003037136
X811_.hsa.mir.4461,-0.111602259391289,1.00837006334615,-0.851483117011564,0.394988706422852,0.433658929429285,-7.45221948327447
X670_.hsa.mir.421,-0.110752581749039,3.54035336108173,-0.84243431151402,0.400026774104031,0.438168861867439,-7.45987634835638
X29_.hsa.mir.1179,-0.0596859906348649,0.595395467987981,-0.834035641741729,0.404737391398807,0.442300026331411,-7.46691013295599
X1873_.hsa.mir.942,0.0656895030377225,5.87025155180769,0.804337305160228,0.42165953565312,0.459726021510693,-7.49121875141445
X824_.hsa.mir.4473,-0.0869102702248945,0.942287036096154,-0.771902522230901,0.440608452596711,0.47927616899088,-7.51676343508903
X92_.hsa.mir.125b.2,0.191088435274283,4.66682729120192,0.769302940551619,0.442148090552703,0.479842743433924,-7.51876541583119
X533_.hsa.mir.3654,-0.0754880907946959,0.735085596492788,-0.707262250452542,0.47979773757036,0.5195051365417,-7.56454531496441
X625_.hsa.mir.3912,0.0684146469760334,1.48540204205048,0.700482727027243,0.48401570052456,0.522870171896945,-7.56931534721918
X8_.hsa.let.7f.1,0.101877895835798,13.738870684524,0.665788770872832,0.505913456460856,0.545275144148886,-7.59300826795343
X1751_.hsa.mir.744,0.083009276786048,6.75499883928365,0.647179194215712,0.517871313799526,0.556889015524148,-7.60522220671591
X534_.hsa.mir.3655,-0.0441067389751225,0.521185956367788,-0.605536196372477,0.545151500873104,0.584859342288038,-7.63130171165914
X1279_.hsa.mir.548o,-0.0437147698749776,1.00928326457692,-0.60370790636478,0.546365415300927,0.584859342288038,-7.63240704248671
X9_.hsa.let.7f.2,0.0918990825449519,13.7697728848269,0.600657131886928,0.548394000652151,0.585699714982229,-7.63424402289062
X1507_.hsa.mir.6514,0.0510061722417535,1.03738853483413,0.576331597500591,0.564701345506334,0.601751886274849,-7.64855890489265
X941_.hsa.mir.4660,-0.0600282629582638,1.26257878271154,-0.551427729600688,0.581635218739548,0.61839771563505,-7.66260209598535
X272_.hsa.mir.200c,-0.0725161370335243,7.12815798041827,-0.541872311490078,0.58819527335653,0.622580165935447,-7.66782595771512
X1280_.hsa.mir.548o.2,0.0408874292753784,0.984725248913462,0.541847018240705,0.588212683314806,0.622580165935447,-7.66783966430779
X509_.hsa.mir.3610,0.0651185682808455,1.06645484301442,0.537659632821397,0.591098251677256,0.624231561748851,-7.67010002988834
X392_.hsa.mir.3140,-0.035193520353563,0.596397340211538,-0.513504284484684,0.607869997315073,0.639495574412862,-7.68279728172189
X1573_.hsa.mir.6755,0.0460537167780219,1.21933152114904,0.512935390093353,0.608267552732404,0.639495574412862,-7.68308929632929
X1063_.hsa.mir.4777,0.050918249956716,1.1501882701899,0.493516540463181,0.62190691854318,0.652378972458436,-7.69286316501138
X1583_.hsa.mir.6764,0.030830392193913,0.479259493730769,0.445009782417175,0.656543095704621,0.685675761395463,-7.71563156529685
X1342_.hsa.mir.5690,0.0426878488943871,1.26242166221394,0.444986347301959,0.656560017811792,0.685675761395463,-7.71564199717998
X1295_.hsa.mir.550a.3,0.0422329773599408,2.47792104285577,0.428624271035453,0.668417531113982,0.696514728218331,-7.72279142468681
X1124_.hsa.mir.5010,-0.0427141031800622,1.15629839944712,-0.406218445685823,0.684790038213585,0.712000238407502,-7.73214758655324
X203_.hsa.mir.149,0.0656024502096766,1.4634361787476,0.395311025407849,0.692815078273857,0.718512184677184,-7.73652067176909
X1881_.hsa.mir.99b,-0.10663108728566,10.9191680019639,-0.393563402411486,0.694104127448235,0.718512184677184,-7.73721028771041
X1524_.hsa.mir.664b,0.0462628659347528,3.94767684473077,0.378670692178552,0.705124726197645,0.728319618506779,-7.74296311155172
X1551_.hsa.mir.6734,-0.0335612188794425,0.806595977420673,-0.34971216283532,0.726730897855869,0.74899398881863,-7.75351454682435
X330_.hsa.mir.28,0.0328114513461717,12.3673106505361,0.329302985638193,0.74209167073854,0.763155408117581,-7.76044718392255
X91_.hsa.mir.125b.1,0.0595713093783488,4.53353629585096,0.244843458599695,0.806697824926111,0.827787964139866,-7.78470754584392
X632_.hsa.mir.3917,0.0327329030148533,2.56652343041106,0.217745490418185,0.827733699184937,0.847527331121968,-7.79097930957821
X274_.hsa.mir.203a,0.0577376158930232,4.23549354339904,0.208708322404953,0.834777634318408,0.852885609032473,-7.79290759178835
X408_.hsa.mir.3155a,0.015638500405413,0.569591812170673,0.205200802920918,0.837515158025936,0.85383038837709,-7.79363398887048
X26_.hsa.mir.10a,0.0717541516908309,12.1889614457332,0.153054177223756,0.878429427232932,0.893607473491816,-7.80298154158641
X1851_.hsa.mir.9.3,0.0557701345426365,7.92132135432933,0.140893249690822,0.888022164787185,0.901419050893889,-7.8047702000491
X644_.hsa.mir.3928,-0.0146229932379247,1.88579447838702,-0.116377565986287,0.907409220526588,0.919117726597899,-7.80792615455512
X1850_.hsa.mir.9.2,0.0444767786361426,7.92048981765144,0.112331020878813,0.910614884339558,0.920385430308867,-7.80838924606795
X1463_.hsa.mir.629,-0.0106663203836259,8.67795512927404,-0.0973287309884751,0.922512002814476,0.930413604551645,-7.8099631372585
X1849_.hsa.mir.9.1,0.0242547414255512,7.90483358233654,0.0608289913958108,0.951524481731443,0.957623997639978,-7.81285173384347
X1170_.hsa.mir.5187,-0.00383994154091627,1.59609302524519,-0.0329169189811711,0.973756556803348,0.977909036789717,-7.81416108309935
X1678_.hsa.mir.6855,0.00229463132267194,0.761220382790865,0.026384538551411,0.978963221097281,0.981046121567701,-7.81435492581786
X593_.hsa.mir.374a,-0.00273275987260213,10.9456602552933,-0.0115607560961271,0.990781573699715,0.990781573699715,-7.81463639452087
